-- ローカル開発用のシードデータ投入クエリ

-- ユーザーデータの投入
INSERT INTO users (id, student_number) VALUES 
  (UUID_TO_BIN('11111111-1111-1111-1111-111111111111'), '20230001'),
  (UUID_TO_BIN('22222222-2222-2222-2222-222222222222'), '20230002'),
  (UUID_TO_BIN('33333333-3333-3333-3333-333333333333'), '20230003'),
  (UUID_TO_BIN('44444444-4444-4444-4444-444444444444'), '20230004'),
  (UUID_TO_BIN('55555555-5555-5555-5555-555555555555'), '20230005');

-- ユーザープロフィールの投入
INSERT INTO user_profiles (id, user_id, username, school_grade, icon_url, discord_userid, active_limit, short_introduction, introduction) VALUES
  (UUID_TO_BIN('aaaa1111-1111-1111-1111-111111111111'), UUID_TO_BIN('11111111-1111-1111-1111-111111111111'), '田中太郎', 3, 'https://example.com/icons/tanaka.jpg', 'tanaka123', '2024-12-31', 'プログラミング大好き！', 'フルスタック開発者を目指している3年生です。React、Go、機械学習に興味があります。'),
  (UUID_TO_BIN('bbbb2222-2222-2222-2222-222222222222'), UUID_TO_BIN('22222222-2222-2222-2222-222222222222'), '佐藤花子', 2, 'https://example.com/icons/sato.jpg', 'sato456', '2025-12-31', 'デザイナー志望！', 'UI/UXデザインが専門です。Figmaを使ったプロトタイプ作成が得意で、フロントエンド開発もできます。'),
  (UUID_TO_BIN('cccc3333-3333-3333-3333-333333333333'), UUID_TO_BIN('33333333-3333-3333-3333-333333333333'), '山田次郎', 4, 'https://example.com/icons/yamada.jpg', 'yamada789', '2024-03-31', 'バックエンドエンジニア', 'インフラとバックエンドが専門です。Docker、Kubernetes、AWS、データベース設計が得意です。'),
  (UUID_TO_BIN('dddd4444-4444-4444-4444-444444444444'), UUID_TO_BIN('44444444-4444-4444-4444-444444444444'), '鈴木美咲', 1, 'https://example.com/icons/suzuki.jpg', 'suzuki012', '2026-12-31', 'AI・機械学習研究中', '人工知能と機械学習の研究をしています。Python、TensorFlow、PyTorchを使ってモデル開発をしています。'),
  (UUID_TO_BIN('eeee5555-5555-5555-5555-555555555555'), UUID_TO_BIN('55555555-5555-5555-5555-555555555555'), '高橋健太', 3, 'https://example.com/icons/takahashi.jpg', 'takahashi345', '2024-12-31', 'フロントエンド開発者', 'モダンなWebフロントエンド開発が専門です。Vue.js、TypeScript、アニメーションライブラリが得意です。');

-- イベントデータの投入
INSERT INTO events (id, name, calendar_view, description) VALUES
  (UUID_TO_BIN('a1111111-1111-1111-1111-111111111111'), 'プログラミング勉強会', true, 'Go言語とWebAPI開発について学ぶ勉強会です。初心者から上級者まで参加できます。'),
  (UUID_TO_BIN('a2222222-2222-2222-2222-222222222222'), 'デザイン思考ワークショップ', true, 'ユーザー体験設計とプロトタイピング手法を学ぶワークショップです。'),
  (UUID_TO_BIN('a3333333-3333-3333-3333-333333333333'), 'ハッカソン2024', false, '48時間で新しいサービスを開発するハッカソンイベントです。チーム戦で行います。'),
  (UUID_TO_BIN('a4444444-4444-4444-4444-444444444444'), '機械学習セミナー', true, '最新の機械学習技術とディープラーニングの応用について学びます。'),
  (UUID_TO_BIN('a5555555-5555-5555-5555-555555555555'), 'インフラ勉強会', true, 'クラウドインフラとコンテナ技術について実践的に学ぶ勉強会です。');

-- イベント予約データの投入
INSERT INTO event_reservations (id, event_id, name, description, start_date, finish_date, reservation_start_date, reservation_finish_date, capacity) VALUES
  (UUID_TO_BIN('b1111111-1111-1111-1111-111111111111'), UUID_TO_BIN('a1111111-1111-1111-1111-111111111111'), 'プログラミング勉強会 第1回', 'Go基礎とHTTPサーバー作成', '2024-01-20 14:00:00', '2024-01-20 17:00:00', '2024-01-10 00:00:00', '2024-01-18 23:59:59', 20),
  (UUID_TO_BIN('b2222222-2222-2222-2222-222222222222'), UUID_TO_BIN('a2222222-2222-2222-2222-222222222222'), 'デザイン思考ワークショップ', 'ユーザーペルソナ作成とプロトタイピング', '2024-02-15 13:00:00', '2024-02-15 18:00:00', '2024-02-01 00:00:00', '2024-02-13 23:59:59', 15),
  (UUID_TO_BIN('b3333333-3333-3333-3333-333333333333'), UUID_TO_BIN('a3333333-3333-3333-3333-333333333333'), 'ハッカソン2024', '48時間開発チャレンジ', '2024-03-23 09:00:00', '2024-03-25 18:00:00', '2024-03-01 00:00:00', '2024-03-20 23:59:59', 40),
  (UUID_TO_BIN('b4444444-4444-4444-4444-444444444444'), UUID_TO_BIN('a4444444-4444-4444-4444-444444444444'), '機械学習セミナー', 'PyTorchを使った画像分類', '2024-04-18 15:00:00', '2024-04-18 18:00:00', '2024-04-05 00:00:00', '2024-04-16 23:59:59', 25),
  (UUID_TO_BIN('b5555555-5555-5555-5555-555555555555'), UUID_TO_BIN('a5555555-5555-5555-5555-555555555555'), 'インフラ勉強会', 'Docker ComposeとKubernetes入門', '2024-05-12 14:00:00', '2024-05-12 17:00:00', '2024-05-01 00:00:00', '2024-05-10 23:59:59', 18);

-- イベント予約ユーザーデータの投入
INSERT INTO event_reservation_users (id, reservation_id, user_id, comment, url) VALUES
  (UUID_TO_BIN('c1111111-1111-1111-1111-111111111111'), UUID_TO_BIN('b1111111-1111-1111-1111-111111111111'), UUID_TO_BIN('11111111-1111-1111-1111-111111111111'), 'Goを基礎から学びたいです！', 'https://github.com/tanaka/go-practice'),
  (UUID_TO_BIN('c2222222-2222-2222-2222-222222222222'), UUID_TO_BIN('b1111111-1111-1111-1111-111111111111'), UUID_TO_BIN('33333333-3333-3333-3333-333333333333'), 'バックエンドエンジニアとして参加します', 'https://github.com/yamada/backend-portfolio'),
  (UUID_TO_BIN('c3333333-3333-3333-3333-333333333333'), UUID_TO_BIN('b2222222-2222-2222-2222-222222222222'), UUID_TO_BIN('22222222-2222-2222-2222-222222222222'), 'デザイン思考について学びたい', 'https://figma.com/@sato/design-portfolio'),
  (UUID_TO_BIN('c4444444-4444-4444-4444-444444444444'), UUID_TO_BIN('b3333333-3333-3333-3333-333333333333'), UUID_TO_BIN('11111111-1111-1111-1111-111111111111'), 'チームでWebアプリを作りたい', null),
  (UUID_TO_BIN('c5555555-5555-5555-5555-555555555555'), UUID_TO_BIN('b3333333-3333-3333-3333-333333333333'), UUID_TO_BIN('22222222-2222-2222-2222-222222222222'), 'UIデザイン担当で参加', null),
  (UUID_TO_BIN('c6666666-6666-6666-6666-666666666666'), UUID_TO_BIN('b4444444-4444-4444-4444-444444444444'), UUID_TO_BIN('44444444-4444-4444-4444-444444444444'), '機械学習の実践的な学習をしたい', 'https://github.com/suzuki/ml-experiments'),
  (UUID_TO_BIN('c7777777-7777-7777-7777-777777777777'), UUID_TO_BIN('b5555555-5555-5555-5555-555555555555'), UUID_TO_BIN('33333333-3333-3333-3333-333333333333'), 'インフラ技術を深く学びたい', 'https://github.com/yamada/k8s-configs');

-- 作品データの投入
INSERT INTO works (id, name, description) VALUES
  (UUID_TO_BIN('d1111111-1111-1111-1111-111111111111'), 'タスク管理アプリ', 'React + TypeScriptで作成したモダンなタスク管理アプリです。ドラッグ&ドロップ機能やリアルタイム同期機能を搭載しています。'),
  (UUID_TO_BIN('d2222222-2222-2222-2222-222222222222'), 'ECサイトデザイン', 'Figmaで制作したファッションECサイトのUI/UXデザインです。ユーザビリティテストを実施し、コンバージョン率の向上を目指しました。'),
  (UUID_TO_BIN('d3333333-3333-3333-3333-333333333333'), 'マイクロサービス基盤', 'Go + Docker + Kubernetesで構築したマイクロサービスアーキテクチャです。CI/CD、モニタリング、ログ集約も含みます。'),
  (UUID_TO_BIN('d4444444-4444-4444-4444-444444444444'), '画像分類AI', 'PyTorchを使った畳み込みニューラルネットワークによる画像分類システムです。転移学習を活用し、高精度を実現しました。'),
  (UUID_TO_BIN('d5555555-5555-5555-5555-555555555555'), 'レスポンシブWebサイト', 'Vue.js + Nuxt.jsで作成したレスポンシブなコーポレートサイトです。アニメーションとパフォーマンス最適化にこだわりました。'),
  (UUID_TO_BIN('d6666666-6666-6666-6666-666666666666'), 'チャットボット', 'Node.js + Express + OpenAI APIを使ったカスタマーサポート用チャットボットです。自然言語処理で顧客対応を自動化します。'),
  (UUID_TO_BIN('d7777777-7777-7777-7777-777777777777'), 'データ可視化ダッシュボード', 'D3.js + Reactで作成したインタラクティブなデータ可視化ダッシュボードです。リアルタイムデータ更新に対応しています。');

-- 作品とユーザーの関連付け
INSERT INTO work_users (id, work_id, user_id) VALUES
  (UUID_TO_BIN('e1111111-1111-1111-1111-111111111111'), UUID_TO_BIN('d1111111-1111-1111-1111-111111111111'), UUID_TO_BIN('11111111-1111-1111-1111-111111111111')),
  (UUID_TO_BIN('e2222222-2222-2222-2222-222222222222'), UUID_TO_BIN('d2222222-2222-2222-2222-222222222222'), UUID_TO_BIN('22222222-2222-2222-2222-222222222222')),
  (UUID_TO_BIN('e3333333-3333-3333-3333-333333333333'), UUID_TO_BIN('d3333333-3333-3333-3333-333333333333'), UUID_TO_BIN('33333333-3333-3333-3333-333333333333')),
  (UUID_TO_BIN('e4444444-4444-4444-4444-444444444444'), UUID_TO_BIN('d4444444-4444-4444-4444-444444444444'), UUID_TO_BIN('44444444-4444-4444-4444-444444444444')),
  (UUID_TO_BIN('e5555555-5555-5555-5555-555555555555'), UUID_TO_BIN('d5555555-5555-5555-5555-555555555555'), UUID_TO_BIN('55555555-5555-5555-5555-555555555555')),
  (UUID_TO_BIN('e6666666-6666-6666-6666-666666666666'), UUID_TO_BIN('d6666666-6666-6666-6666-666666666666'), UUID_TO_BIN('11111111-1111-1111-1111-111111111111')),
  (UUID_TO_BIN('e7777777-7777-7777-7777-777777777777'), UUID_TO_BIN('d7777777-7777-7777-7777-777777777777'), UUID_TO_BIN('22222222-2222-2222-2222-222222222222')),
  -- 複数ユーザーの共同作品
  (UUID_TO_BIN('e8888888-8888-8888-8888-888888888888'), UUID_TO_BIN('d1111111-1111-1111-1111-111111111111'), UUID_TO_BIN('55555555-5555-5555-5555-555555555555')),
  (UUID_TO_BIN('e9999999-9999-9999-9999-999999999999'), UUID_TO_BIN('d3333333-3333-3333-3333-333333333333'), UUID_TO_BIN('11111111-1111-1111-1111-111111111111'));

-- グループデータの投入
INSERT INTO `groups` (id, name, description, joinable, user_count) VALUES
  (UUID_TO_BIN('f1111111-1111-1111-1111-111111111111'), 'フロントエンド開発チーム', 'ReactやVue.jsを使ったフロントエンド開発を中心に活動するグループです。', true, 3),
  (UUID_TO_BIN('f2222222-2222-2222-2222-222222222222'), 'バックエンド開発チーム', 'Go、Python、Java等を使ったサーバーサイド開発チームです。', true, 2),
  (UUID_TO_BIN('f3333333-3333-3333-3333-333333333333'), 'AI・機械学習研究チーム', '機械学習アルゴリズムの研究と実装を行うチームです。', false, 2),
  (UUID_TO_BIN('f4444444-4444-4444-4444-444444444444'), 'デザインチーム', 'UI/UXデザインとブランディングを担当するクリエイティブチームです。', true, 1);

-- グループユーザー関連付け
INSERT INTO groups_users (id, group_id, user_id) VALUES
  (UUID_TO_BIN('a0000001-1111-1111-1111-111111111111'), UUID_TO_BIN('f1111111-1111-1111-1111-111111111111'), UUID_TO_BIN('11111111-1111-1111-1111-111111111111')),
  (UUID_TO_BIN('a0000002-2222-2222-2222-222222222222'), UUID_TO_BIN('f1111111-1111-1111-1111-111111111111'), UUID_TO_BIN('22222222-2222-2222-2222-222222222222')),
  (UUID_TO_BIN('a0000003-3333-3333-3333-333333333333'), UUID_TO_BIN('f1111111-1111-1111-1111-111111111111'), UUID_TO_BIN('55555555-5555-5555-5555-555555555555')),
  (UUID_TO_BIN('a0000004-4444-4444-4444-444444444444'), UUID_TO_BIN('f2222222-2222-2222-2222-222222222222'), UUID_TO_BIN('33333333-3333-3333-3333-333333333333')),
  (UUID_TO_BIN('a0000005-5555-5555-5555-555555555555'), UUID_TO_BIN('f2222222-2222-2222-2222-222222222222'), UUID_TO_BIN('11111111-1111-1111-1111-111111111111')),
  (UUID_TO_BIN('a0000006-6666-6666-6666-666666666666'), UUID_TO_BIN('f3333333-3333-3333-3333-333333333333'), UUID_TO_BIN('44444444-4444-4444-4444-444444444444')),
  (UUID_TO_BIN('a0000007-7777-7777-7777-777777777777'), UUID_TO_BIN('f3333333-3333-3333-3333-333333333333'), UUID_TO_BIN('11111111-1111-1111-1111-111111111111')),
  (UUID_TO_BIN('a0000008-8888-8888-8888-888888888888'), UUID_TO_BIN('f4444444-4444-4444-4444-444444444444'), UUID_TO_BIN('22222222-2222-2222-2222-222222222222'));

-- 予算データの投入
INSERT INTO budgets (id, name, proposer_user_id, approver_user_id, status, class, budget, settlement, purpose, mattermost_url, remark) VALUES
  (UUID_TO_BIN('a0000011-1111-1111-1111-111111111111'), '開発用ノートPC', UUID_TO_BIN('11111111-1111-1111-1111-111111111111'), UUID_TO_BIN('33333333-3333-3333-3333-333333333333'), 'approve', '機材', 150000, 148000, 'プログラミング勉強会とハッカソンで使用する開発環境整備', 'https://mattermost.example.com/digicore/pl/budget001', 'MacBook Air M2を購入予定'),
  (UUID_TO_BIN('a0000012-2222-2222-2222-222222222222'), 'デザインソフトライセンス', UUID_TO_BIN('22222222-2222-2222-2222-222222222222'), NULL, 'pending', 'ソフトウェア', 24000, 0, 'デザインチーム用のAdobe Creative Cloud年間ライセンス', 'https://mattermost.example.com/digicore/pl/budget002', '学生割引適用予定'),
  (UUID_TO_BIN('a0000013-3333-3333-3333-333333333333'), 'サーバー利用料', UUID_TO_BIN('33333333-3333-3333-3333-333333333333'), UUID_TO_BIN('33333333-3333-3333-3333-333333333333'), 'paid', 'インフラ', 36000, 36000, 'プロダクション環境のAWS利用料（年間）', 'https://mattermost.example.com/digicore/pl/budget003', 'EC2、RDS、S3の年間利用料'),
  (UUID_TO_BIN('a0000014-4444-4444-4444-444444444444'), 'イベント会場費', UUID_TO_BIN('44444444-4444-4444-4444-444444444444'), NULL, 'pending', 'イベント', 50000, 0, 'ハッカソン2024の会場レンタル費用', 'https://mattermost.example.com/digicore/pl/budget004', '2日間の会場使用料');
